player_name,team,position,actual_rating,predicted_rating,rating_difference
Granit Xhaka,Bayer Leverkusen,Midfielder,6.0406982123854815,5.488165486365971,-0.5525327260195105
Angelo Stiller,VfB Stuttgart,Midfielder,5.487758371413192,5.185018290243007,-0.30274008117018525
Exequiel Alejandro Palacios,Bayer Leverkusen,Midfielder,5.469491240230563,5.142331055030454,-0.3271601852001087
Atakan Karazor,VfB Stuttgart,Midfielder,5.235949619032247,4.48084868430269,-0.7551009347295574
Leroy Sané,Bayern Munich,Midfielder,4.297366593746083,4.389652490473499,0.09228589672741627
Florian Wirtz,Bayer Leverkusen,Midfielder,4.452019789074117,4.3404536208502735,-0.11156616822384358
Kevin Stöger,Bochum,Midfielder,4.130302732484242,4.185278581268875,0.05497584878463346
Eric Dier,Bayern Munich,Defender,4.241519713570992,4.087999897978692,-0.15351981559229966
Romano Schmid,Werder Bremen,Midfielder,3.894084962348904,3.9463927613907916,0.05230779904188765
Robert Andrich,Bayer Leverkusen,Defender,3.706786029281286,3.9109551104816016,0.20416908120031563
Willi Orban,RB Leipzig,Defender,3.6450560038500712,3.759810701103408,0.11475469725333687
Kevin Vogt,Hoffenheim,Defender,3.4197252690666122,3.741190678412333,0.32146540934572077
Min Jae Kim,Bayern Munich,Defender,3.667010845260995,3.7183563697335216,0.051345524472526716
Leonardo Bittencourt,Werder Bremen,Midfielder,4.245764004587506,3.69526792070404,-0.5504960838834658
Florian Wirtz,Bayer Leverkusen,Forward,3.4459450358412878,3.5856688835212633,0.1397238476799756
Leon Goretzka,Bayern Munich,Midfielder,3.7140436533687393,3.578561239573192,-0.13548241379554726
Mario Götze,Eintracht Frankfurt,Midfielder,3.6964884330992733,3.5330934740910642,-0.1633949590082091
Jonas Hofmann,Bayer Leverkusen,Midfielder,3.5574344318195408,3.466186464612603,-0.09124796720693773
Dan-Axel Zagadou,VfB Stuttgart,Defender,3.2381821854017017,3.4592930852315136,0.2211108998298119
Aleksandar Pavlović,Bayern Munich,Midfielder,3.873037688454512,3.396439637055345,-0.4765980513991672
Enzo Millot,VfB Stuttgart,Midfielder,3.5019047135170505,3.3882809412656036,-0.11362377225144682
Nadiem Amiri,FSV Mainz 05,Midfielder,3.682585694515238,3.2804182462514935,-0.40216744826374473
Finn Ole Becker,Hoffenheim,Midfielder,3.451591559818223,3.2782679548631313,-0.1733236049550917
Serhou Guirassy,VfB Stuttgart,Forward,2.980402467721938,3.1608188692925268,0.1804164015705889
Joshua Kimmich,Bayern Munich,Midfielder,3.328003925474324,3.151217150075442,-0.17678677539888232
Kouadio Emmanuel Koné,Borussia Mönchengladbach,Midfielder,3.3076640850565204,3.14448041166857,-0.16318367338795037
Xaver Schlager,RB Leipzig,Midfielder,3.141866124333995,3.1257694790682775,-0.016096645265717413
Julian Weigl,Borussia Mönchengladbach,Midfielder,4.0705334501176615,3.117548674907188,-0.9529847752104734
Noussair Mazraoui,Bayern Munich,Defender,2.8116055109145863,3.1026346460590624,0.29102913514447604
Dayotchanculle Upamecano,Bayern Munich,Defender,2.9638015633689525,3.101614585825532,0.13781302245657967
Dominik Kohr,FSV Mainz 05,Midfielder,3.5219286112432964,3.0953059343123557,-0.4266226769309407
Julian Brandt,Borussia Dortmund,Midfielder,3.161379117522708,3.077953831004288,-0.08342528651842018
Christian Groß,Werder Bremen,Defender,3.1546302869684255,3.0712148022807786,-0.08341548468764692
Maximilian Arnold,Wolfsburg,Midfielder,3.186305660873564,3.0616425194416648,-0.12466314143189905
Waldemar Anton,VfB Stuttgart,Defender,2.9164458271047957,3.04269188367304,0.1262460565682444
Jens Stage,Werder Bremen,Midfielder,3.1678850360733346,3.013082581251725,-0.15480245482160981
Deniz Undav,VfB Stuttgart,Midfielder,3.008848268641394,3.000904961120989,-0.007943307520405174
Lennard Maloney,FC Heidenheim,Midfielder,3.0432903944871867,2.9839338078535773,-0.05935658663360943
Edmond Fayçal Tapsoba,Bayer Leverkusen,Defender,2.944045476434531,2.9747959572209037,0.03075048078637277
Tomáš Čvančara,Borussia Mönchengladbach,Forward,2.5252884902067554,2.9676020018263363,0.4423135116195809
Jonathan Tah,Bayer Leverkusen,Defender,2.9781383644745953,2.9603713948201,-0.017766969654495313
Florian Kainz,FC Köln,Midfielder,3.094983915996333,2.9447168707509572,-0.15026704524537582
Emre Can,Borussia Dortmund,Midfielder,2.772492401771143,2.9044802747275007,0.1319878729563575
Senne Lynen,Werder Bremen,Midfielder,2.893511729601711,2.9041434622349733,0.010631732633262114
Anton Stach,Hoffenheim,Midfielder,3.015527309877142,2.8831342467574133,-0.13239306311972854
Leandro Barreiro Martins,FSV Mainz 05,Midfielder,2.880769384496383,2.880010612360312,-0.0007587721360708954
Dejan Ljubicic,FC Köln,Midfielder,2.976573689297588,2.8567454734873974,-0.11982821581019065
Alejandro Grimaldo García,Bayer Leverkusen,Defender,2.488212802535654,2.8491559097446153,0.3609431072089615
Alphonso Davies,Bayern Munich,Defender,2.690714068296598,2.8461714086847976,0.15545734038819958
Tim Skarke,Darmstadt 98,Midfielder,2.625765797682542,2.845925883550704,0.22016008586816183
Jae-Sung Lee,FSV Mainz 05,Midfielder,3.0393255750838404,2.834462500278243,-0.2048630748055973
Jonas Hofmann,Bayer Leverkusen,Forward,2.765657452487816,2.8332218439280497,0.06756439144023352
Hiroki Ito,VfB Stuttgart,Defender,2.624440322772051,2.7900236198707544,0.16558329709870323
Odilon Kossonou,Bayer Leverkusen,Defender,2.6826122512316846,2.7663855946202074,0.08377334338852283
Robert Andrich,Bayer Leverkusen,Midfielder,3.007920347861589,2.738358344842303,-0.2695620030192858
Mohamed Simakan,RB Leipzig,Defender,2.646913427205813,2.7163537971024034,0.06944036989659041
Anthony Jung,Werder Bremen,Defender,2.7437330647162352,2.708307695267467,-0.03542536944876806
Alassane Pléa,Borussia Mönchengladbach,Forward,2.5453590684288705,2.707505089965524,0.1621460215366537
Edimilson Fernandes,FSV Mainz 05,Defender,2.63828213934806,2.6963375418648083,0.058055402516748345
Yannick Gerhardt,Wolfsburg,Midfielder,2.76973011417844,2.6961185213963983,-0.07361159278204177
Konrad Laimer,Bayern Munich,Defender,3.1751426763846013,2.6791119034693027,-0.4960307729152986
Lucas Silva Melo,Eintracht Frankfurt,Defender,2.625655767014649,2.6603382707728302,0.03468250375818105
Karim Onisiwo,FSV Mainz 05,Forward,2.369464977971421,2.6582856740737784,0.2888206961023574
Nicolas Seiwald,RB Leipzig,Midfielder,2.6357068595112243,2.6402239849915095,0.004517125480285156
Milos Veljkovic,Werder Bremen,Defender,2.571421326352414,2.618117060303023,0.046695733950608886
Florian Neuhaus,Borussia Mönchengladbach,Midfielder,2.619198232163341,2.6142959224562783,-0.004902309707062624
Niklas Dorsch,Augsburg,Midfielder,2.624931726318284,2.604106199195245,-0.020825527123038867
Eric Junior Dina Ebimbe,Eintracht Frankfurt,Midfielder,2.730240860492442,2.603611552309857,-0.1266293081825851
Leroy Sané,Bayern Munich,Forward,2.6242692365677893,2.601011491230115,-0.02325774533767433
David Raum,RB Leipzig,Defender,2.4123643370935017,2.572028367240931,0.15966403014742925
Willian Joel Pacho Tenorio,Eintracht Frankfurt,Defender,2.480080880084577,2.520022454153237,0.039941574068659946
Aïssa Bilal Laïdouni,Union Berlin,Midfielder,2.4291811501356526,2.4970725453294236,0.06789139519377096
Piero Martín Hincapié Reyna,Bayer Leverkusen,Defender,2.4301547548757245,2.4951711516735733,0.06501639679784876
Arne Maier,Augsburg,Midfielder,2.5535274150607865,2.4916244970131207,-0.06190291804766579
Sacha Boey,Bayern Munich,Defender,2.4376733097315015,2.4865367222009405,0.04886341246943893
Robin Koch,Eintracht Frankfurt,Defender,2.432246460750866,2.483890298438758,0.051643837687891825
Hugo Larsson,Eintracht Frankfurt,Midfielder,2.4103761247277653,2.472968614726747,0.06259248999898182
Eren Sami Dinkçi,FC Heidenheim,Midfielder,2.21089215069888,2.4677513413372547,0.2568591906383748
Jan-Niklas Beste,FC Heidenheim,Midfielder,2.2413780736401714,2.466922904188524,0.2255448305483525
Jamie Jermaine Bynoe-Gittens,Borussia Dortmund,Midfielder,2.3631506037550434,2.466322560162671,0.10317195640762744
Chris Führich,VfB Stuttgart,Midfielder,2.619670847314793,2.4624963724520637,-0.1571744748627295
Aurélio Gabriel Ulineia Buta,Eintracht Frankfurt,Defender,2.082689855200849,2.4576488250401707,0.37495896983932164
Jamal Musiala,Bayern Munich,Midfielder,2.438700713858843,2.453487187127356,0.01478647326851279
Thomas Müller,Bayern Munich,Midfielder,2.647175925105391,2.446595069966942,-0.20058085513844892
Julián Malatini,Werder Bremen,Defender,2.096275069483644,2.4431435655767366,0.34686849609309256
Fares Chaïbi,Eintracht Frankfurt,Midfielder,2.1823780008412186,2.4079771456687613,0.22559914482754273
Fabian Holland,Darmstadt 98,Midfielder,2.4673715458788754,2.402933769869546,-0.06443777600932954
Ellyes Joris Skhiri,Eintracht Frankfurt,Midfielder,2.2871069580521084,2.397215913578593,0.11010895552648448
Jan Schöppner,FC Heidenheim,Midfielder,2.355368915942391,2.393825363332044,0.038456447389652926
Jeremie Frimpong,Bayer Leverkusen,Forward,2.5333307660421864,2.3852948553066975,-0.14803591073548894
Niclas Füllkrug,Borussia Dortmund,Forward,2.1803681369223478,2.3432439385725066,0.1628758016501588
Daniel Olmo Carvajal,RB Leipzig,Midfielder,2.3831377924006247,2.3345598053504215,-0.04857798705020322
Patrick Osterhage,Bochum,Midfielder,2.335895893594814,2.33084872424665,-0.005047169348164182
Kevin Akpoguma,Hoffenheim,Defender,2.346090591568955,2.3289868192070893,-0.017103772361865666
Josip Stanišić,Bayer Leverkusen,Defender,2.2421461693635143,2.3283318268439954,0.08618565748048113
Gerrit Holtmann,Darmstadt 98,Midfielder,2.2157880957615133,2.320825683082452,0.10503758732093882
Umut Tohumcu,Hoffenheim,Midfielder,2.283793270775881,2.306230450602181,0.022437179826300113
Denis Huseinbašić,FC Köln,Midfielder,2.2977107573360356,2.296129330465462,-0.001581426870573388
Gonçalo Mendes Paciencia,Bochum,Forward,2.169867162017339,2.279951007785665,0.11008384576832597
Bartol Franjić,Darmstadt 98,Midfielder,2.397121375622856,2.26815012161964,-0.12897125400321618
Grischa Prömel,Hoffenheim,Midfielder,2.1566608759864874,2.2629949695495895,0.10633409356310208
Fares Chaïbi,Eintracht Frankfurt,Forward,1.9978462191964879,2.243744136790545,0.2458979175940572
Mert Kömür,Augsburg,Midfielder,2.1980988959048857,2.2430413827330073,0.04494248682812163
Nico Schlotterbeck,Borussia Dortmund,Defender,2.3129537188066815,2.236216724746275,-0.07673699406040635
Maximilian Mittelstädt,VfB Stuttgart,Defender,2.280450102657827,2.2264565292153695,-0.0539935734424577
Nikola Dovedan,FC Heidenheim,Midfielder,2.420024646078777,2.221497246253267,-0.19852739982550993
Stefan Bell,FSV Mainz 05,Defender,2.070641423462927,2.2177466503324648,0.14710522686953764
Marcel Sabitzer,Borussia Dortmund,Midfielder,2.1588180202886225,2.199928015634893,0.041109995346270356
Maximilian Wöber,Borussia Mönchengladbach,Defender,2.690714068296598,2.179050294381776,-0.511663773914822
Jadon Sancho,Borussia Dortmund,Midfielder,2.176429803026115,2.1608370460017348,-0.015592757024380344
Mattias Svanberg,Wolfsburg,Midfielder,2.1407354284387714,2.160579364634336,0.01984393619556446
Serge Gnabry,Bayern Munich,Forward,2.197132033135685,2.1486444947092322,-0.048487538426452925
Xavi Simons,RB Leipzig,Midfielder,2.118479476612615,2.1478520802365346,0.02937260362391969
Mats Hummels,Borussia Dortmund,Defender,2.5780487009048687,2.1448069978042796,-0.43324170310058907
Mads Pedersen,Augsburg,Defender,2.306326344254227,2.1376174549614095,-0.16870888929281724
Marco Friedl,Werder Bremen,Defender,2.0942503585756773,2.099849648084497,0.005599289508819716
Nathan Tella,Bayer Leverkusen,Midfielder,2.2200944914277874,2.0993815226133035,-0.1207129688144839
Florian Grillitsch,Hoffenheim,Defender,2.3593453406738645,2.090298842872522,-0.26904649780134227
Nicolas Höfler,Freiburg,Midfielder,2.6188737604118675,2.0679441182696974,-0.5509296421421701
Diogo Filipe Monteiro Pinto Leite,Union Berlin,Defender,2.0565662890524,2.0661265564201106,0.009560267367710651
Wout Weghorst,Hoffenheim,Forward,2.1605209295878134,2.062199042018113,-0.09832188756970028
Timo Hübers,FC Köln,Defender,2.0687481255985434,2.0503333845589107,-0.018414741039632698
Marvin Friedrich,Borussia Mönchengladbach,Defender,2.1857907513287587,2.041590686305605,-0.14420006502315363
Alex Král,Union Berlin,Midfielder,2.173622346350074,2.039530978718951,-0.13409136763112306
András Schäfer,Union Berlin,Midfielder,1.978970519492883,2.021712828253772,0.042742308760889136
Jan-Niklas Beste,FC Heidenheim,Forward,1.8026458782676715,2.016740761749456,0.2140948834817844
Brenden Aaronson,Union Berlin,Midfielder,2.1525712546372784,2.0102047332955273,-0.1423665213417511
Maxence Lacroix,Wolfsburg,Defender,2.027883739410007,2.0041381862170886,-0.02374555319291849
Lucas Höler,Freiburg,Forward,1.9899620843411143,2.001576668201976,0.011614583860861671
Linton Maina,FC Köln,Midfielder,2.046533261798004,1.9967399455229693,-0.04979331627503458
Theoson Jordan Siebatcheu,Borussia Mönchengladbach,Forward,2.038580412335058,1.9949115203584038,-0.043668891976654356
Janik Haberer,Union Berlin,Forward,2.070619305422153,1.9945118595149285,-0.07610744590722462
Rafael Santos Borré Amaury,Werder Bremen,Forward,1.7758400603330984,1.9767074756482343,0.20086741531513597
Marco Reus,Borussia Dortmund,Forward,1.5534565950953758,1.9758297722727278,0.422373177177352
Omar Haktab Traorè,FC Heidenheim,Defender,2.028197347860719,1.9734134300697956,-0.05478391779092329
Chris Führich,VfB Stuttgart,Defender,1.2428621211053508,1.9579220646031896,0.7150599434978389
Emir Karic,Darmstadt 98,Defender,1.912280895187218,1.9576046622380263,0.045323767050808206
Ritsu Doan,Freiburg,Midfielder,1.8503629750453456,1.955930645722762,0.10556767067741646
Luca Pfeiffer,Darmstadt 98,Forward,1.8627960593371964,1.9508901767647961,0.08809411742759976
Faride Alidou,FC Köln,Midfielder,1.842627119610186,1.9481583230395243,0.1055312034293383
Tim Drexler,Hoffenheim,Defender,2.014721863946221,1.946813357328383,-0.06790850661783798
Ko Itakura,Borussia Mönchengladbach,Defender,1.913613878276849,1.9449560583448695,0.031342180068020475
Hugo Ekitike,Eintracht Frankfurt,Forward,1.983700046594361,1.9445720371623225,-0.039128009432038535
Sheraldo Becker,Union Berlin,Forward,1.951099068242656,1.9432432105505486,-0.007855857692107504
Deniz Undav,VfB Stuttgart,Forward,1.9032639644337015,1.9427576260719612,0.039493661638259736
Sepp van den Berg,FSV Mainz 05,Defender,1.955075492974129,1.942709141660586,-0.012366351313543023
Josha Mamadou Karaboue Vagnoman,VfB Stuttgart,Defender,1.9225901112775807,1.940134411650096,0.01754430037251531
Lucas Tousart,Union Berlin,Midfielder,1.9285659947643103,1.9366598242624413,0.008093829498130978
Patrick Mainka,FC Heidenheim,Defender,2.24005259872968,1.9364714972439,-0.3035811014857799
Tim Kleindienst,FC Heidenheim,Forward,1.8865011057358505,1.9311790934951876,0.04467798775933707
David Datro Fofana,Union Berlin,Forward,1.7416740323850886,1.9306340214659576,0.18895998908086908
Eric Junior Dina Ebimbe,Eintracht Frankfurt,Forward,1.7178154839962516,1.926673780209975,0.20885829621372332
Omar Marmoush,Eintracht Frankfurt,Forward,1.9507239469137134,1.913784181449482,-0.03693976546423139
Tim Siersleben,FC Heidenheim,Defender,1.9484481184216744,1.9039474078580907,-0.044500710563583734
Mitchell Weiser,Werder Bremen,Defender,1.825861202842895,1.9023341245846874,0.07647292174179232
Fredrik Jensen,Augsburg,Midfielder,1.9908633155573845,1.89608141681958,-0.0947818987378044
Daniel Olmo Carvajal,RB Leipzig,Forward,2.302677153563941,1.8887327631584603,-0.4139443904054809
Eren Sami Dinkçi,FC Heidenheim,Forward,1.7231611031026632,1.8830999566149906,0.1599388535123274
Brajan Gruda,FSV Mainz 05,Forward,2.124169240699311,1.88068976282784,-0.24347947787147084
Brajan Gruda,FSV Mainz 05,Midfielder,1.4010269803889184,1.87677593864314,0.4757489582542216
Kevin Vogt,Union Berlin,Defender,1.776136380057853,1.8638988341241447,0.0877624540662918
Victor Okoh Boniface,Bayer Leverkusen,Forward,1.8763550509545524,1.8610098177371117,-0.015345233217440635
Niels Nkounkou,Eintracht Frankfurt,Defender,1.8291553764774902,1.8346499971474755,0.005494620669985295
Janis Blaswich,RB Leipzig,Goalkeeper,1.7695090055053981,1.8283442833207428,0.0588352778153447
Marvin Mehlem,Darmstadt 98,Midfielder,1.8709078361579548,1.826866008281244,-0.04404182787671074
Amine Adli,Bayer Leverkusen,Midfielder,1.7806904691520564,1.825060469469211,0.044370000317154545
Julian Chabot,FC Köln,Defender,1.908388039422054,1.8215913183891979,-0.08679672103285618
Kiliann Sildillia,Freiburg,Defender,1.9115444396686891,1.8195559649908577,-0.09198847467783144
Jeffrey Gouweleeuw,Augsburg,Defender,1.8291553764774902,1.813377617094867,-0.015777759382623158
Nico Elvedi,Borussia Mönchengladbach,Defender,1.895429122002037,1.8108901183647428,-0.08453900363729416
Felix Uduokhai,Augsburg,Defender,1.8622922492397636,1.8101145468541084,-0.05217770238565511
Junior Castello Lukeba,RB Leipzig,Defender,1.8225280019250356,1.8059689342131637,-0.016559067711871878
Phillip Tietz,Augsburg,Forward,1.585518002036563,1.8059302210679655,0.22041221903140262
Ruben Vargas,Augsburg,Midfielder,1.9755262212974698,1.8012117619355803,-0.1743144593618895
Timo Werner,RB Leipzig,Midfielder,1.6043150008190534,1.7943352941470223,0.19002029332796888
Paul Jaeckel,Union Berlin,Defender,1.7893911291627622,1.7928219358540682,0.003430806691306021
Robert Skov,Hoffenheim,Defender,1.7170878510773129,1.7874739211367907,0.07038607005947783
Ermedin Demirović,Augsburg,Forward,1.7037565913323047,1.7789688315318648,0.07521224019956008
Ozan Muhammed Kabak,Hoffenheim,Defender,1.7893911291627622,1.7768169963294844,-0.012574132833277796
Lukas Klostermann,RB Leipzig,Defender,1.895429122002037,1.7729080272479087,-0.1225210947541282
Sargis Adamyan,FC Köln,Forward,1.6628873914828102,1.7665184899985917,0.10363109851578156
Elvis Rexhbeçaj,Augsburg,Midfielder,1.8092732528201263,1.7552875852518826,-0.053985667568243745
Merlin Röhl,Freiburg,Midfielder,1.8103290059927775,1.7424832652841173,-0.06784574070866012
Matthias Bader,Darmstadt 98,Defender,1.9683302420790385,1.7284557808069103,-0.2398744612721282
Franck Honorat,Borussia Mönchengladbach,Defender,1.6587227592286,1.7281244537709626,0.06940169454236256
Alexander Nübel,VfB Stuttgart,Goalkeeper,1.610452016246486,1.7233365313292754,0.11288451508278952
Benjamin Šeško,RB Leipzig,Forward,1.6729812968720132,1.7224622901654987,0.04948099329348543
Ridle Bote Baku,Wolfsburg,Defender,1.6802974176930303,1.7197127525996085,0.039415334906578225
Jeremie Frimpong,Bayer Leverkusen,Defender,1.4384852610622028,1.7191569354216754,0.2806716743594726
Julian Ryerson,Borussia Dortmund,Defender,1.8266945320207322,1.7162593038167682,-0.11043522820396401
Eric Martel,FC Köln,Midfielder,1.9940778233781493,1.7151660933209365,-0.2789117300572128
Robin Knoche,Union Berlin,Defender,1.4712771506449378,1.7122546502917089,0.24097749964677107
Dominik Kohr,FSV Mainz 05,Defender,1.6440774025955351,1.7047487954184797,0.060671392822944537
Max Finkgräfe,FC Köln,Defender,1.6170793907989407,1.7039160176146493,0.08683662681570858
Anthony Caci,FSV Mainz 05,Defender,1.6840334310459069,1.6996344757615427,0.015601044715635837
Rasmus Carstensen,FC Köln,Defender,1.6568436381136686,1.6960537382836174,0.03921010016994875
Marius Wolf,Borussia Dortmund,Defender,1.6847732954738293,1.6936053657787957,0.008832070304966466
Marvin Ducksch,Werder Bremen,Forward,1.6661219624871053,1.6894866055131788,0.02336464302607344
Maximilian Beier,Hoffenheim,Forward,1.642509921879423,1.679523022900028,0.037013101020604955
Rocco Reitz,Borussia Mönchengladbach,Midfielder,1.7244428585487066,1.6793341105061708,-0.04510874804253584
Marius Bülter,Hoffenheim,Defender,1.4848619459186043,1.6616678637474858,0.17680591782888144
Luca Netz,Borussia Mönchengladbach,Defender,1.6867846121927306,1.6452098935773216,-0.041574718615408957
Ansgar Knauff,Eintracht Frankfurt,Forward,1.2989654122811163,1.6380369443589302,0.33907153207781393
Moritz Jenz,Wolfsburg,Defender,1.4712771506449378,1.6287203828027237,0.15744323215778588
Michael Zetterer,Werder Bremen,Goalkeeper,1.4911592743023019,1.6272975268740983,0.13613825257179646
Gregor Kobel,Borussia Dortmund,Goalkeeper,1.53092352161703,1.6156244630019663,0.08470094138493622
Joseph Scally,Borussia Mönchengladbach,Defender,1.5841284785533647,1.6092020593724174,0.025073580819052754
Christian Günter,Freiburg,Defender,1.5668106803799011,1.607722371106076,0.04091169072617484
Joakim Mæhle,Wolfsburg,Defender,1.550805645274394,1.6031054510024818,0.0522998057280879
Davie Selke,FC Köln,Forward,1.5110165373522446,1.593266321595695,0.08224978424345042
Matúš Bero,Bochum,Midfielder,1.6445151161369296,1.5805009424729792,-0.06401417366395035
Christoph Klarer,Darmstadt 98,Defender,1.4845318997498471,1.5788801934312127,0.09434829368136555
Ikoma Loïs Openda,RB Leipzig,Forward,1.6699843105517753,1.5744437814972303,-0.09554052905454502
Keven Schlotterbeck,Bochum,Defender,1.6369615144563048,1.5723928587877907,-0.06456865566851411
Amine Adli,Bayer Leverkusen,Forward,1.5267667341297448,1.5620225012755438,0.03525576714579892
Cristian Gamboa Luna,Bochum,Defender,1.4977866488547567,1.5401265650992173,0.04233991624446065
Benjamin Henrichs,RB Leipzig,Defender,1.255339078775796,1.5237708182838647,0.26843173950806865
Adrian Beck,FC Heidenheim,Midfielder,1.5998482169625587,1.518291119640346,-0.08155709732221283
Danny Vieira da Costa,FSV Mainz 05,Defender,1.3784939069105724,1.5061647909963127,0.12767088408574034
Jérôme Roussillon,Union Berlin,Defender,1.4712771506449378,1.5055235997012713,0.03424644905633345
Jae-Sung Lee,FSV Mainz 05,Forward,1.4129562545833367,1.5054581055789347,0.09250185099559793
Jonas Föhrenbach,FC Heidenheim,Defender,1.4646497760924833,1.503371014370056,0.03872123827757279
Iago Amaral Borduchi,Augsburg,Defender,1.4923891568900807,1.5025803703700205,0.010191213479939787
Kevin Mbabu,Augsburg,Defender,1.511041397959666,1.496640476859488,-0.014400921100177877
Pavel Kadeřábek,Hoffenheim,Defender,1.325474910490935,1.4451435651413762,0.1196686546504413
Jamie Jermaine Bynoe-Gittens,Borussia Dortmund,Forward,1.1914647493950752,1.438605446745656,0.24714069735058075
David Jurásek,Hoffenheim,Defender,1.63033413990385,1.4273254531232364,-0.20300868678061357
Maximilian Eggestein,Freiburg,Midfielder,1.407654354941373,1.4229939967953467,0.01533964185397374
Oliver Baumann,Hoffenheim,Goalkeeper,1.471277150644938,1.4221247842796136,-0.049152366365324385
Amine Adli,Bayer Leverkusen,Defender,1.0673941857962355,1.4215396188866143,0.3541454330903788
Harry Kane,Bayern Munich,Forward,1.3645681149246283,1.396493209053319,0.03192509412869082
Jonas Older Wind,Wolfsburg,Forward,1.347270306548451,1.3946826581377088,0.04741235158925772
Lovro Majer,Wolfsburg,Forward,1.3943996058364636,1.3917841419028323,-0.0026154639336313235
Robin Hack,Borussia Mönchengladbach,Forward,1.2898280725104503,1.3773044152586216,0.08747634274817129
Maximilian Wittek,Bochum,Forward,1.224738817293624,1.3657910937651891,0.14105227647156515
Manuel Gulde,Freiburg,Defender,1.3744494855812863,1.361357101415857,-0.01309238416542935
Nick Woltemade,Werder Bremen,Forward,1.1016216106169128,1.3351637450064635,0.23354213438955074
Matthias Ginter,Freiburg,Defender,1.3122201613860258,1.3185924591967035,0.006372297810677718
Patrik Schick,Bayer Leverkusen,Forward,1.3101491631931586,1.2961019060013315,-0.01404725719182709
Philipp Hofmann,Bochum,Forward,1.15632605084445,1.2920129587825675,0.13568690793811755
Danilho Doekhi,Union Berlin,Defender,1.2326916667565695,1.278111983580581,0.045420316824011486
Finn Dahmen,Augsburg,Goalkeeper,1.2724559140712977,1.2770462185238056,0.004590304452507965
Jamie Leweling,VfB Stuttgart,Midfielder,1.3499187745502106,1.2674413410174064,-0.08247743353280423
Benedikt Gimber,FC Heidenheim,Defender,1.1435079855459862,1.2558941034382216,0.1123861178922354
Oscar Vilhelmsson,Darmstadt 98,Forward,1.3323768972667138,1.2529608784701147,-0.0794160187965991
Manuel Riemann,Bochum,Goalkeeper,1.1332810484697493,1.2472963004998,0.11401525203005058
Christopher Antwi-Adjej,Bochum,Forward,1.2357527503262553,1.2261559378064155,-0.009596812519839792
Anthony Losilla,Bochum,Midfielder,1.8035544626885551,1.2186733769860616,-0.5848810857024935
Nathan Ngoumou Minpole,Borussia Mönchengladbach,Forward,1.1279791488277857,1.218246622989632,0.09026747416184633
Moritz Broschinski,Bochum,Forward,0.9490400359115094,1.2108953261909488,0.2618552902794393
Ian Maatsen,Borussia Dortmund,Defender,1.139908423022204,1.204020020045221,0.06411159702301683
Faride Alidou,FC Köln,Forward,1.0895403764235485,1.1940216903960708,0.10448131397252225
Kevin Paredes,Wolfsburg,Defender,1.1531631721271134,1.1925471848296612,0.039384012702547766
Fabio Torsiello,Darmstadt 98,Midfielder,1.3029418370125894,1.1811295200990355,-0.12181231691355388
Lukas Kübler,Freiburg,Defender,1.2205744491800539,1.170047920667685,-0.05052652851236883
Kevin Trapp,Eintracht Frankfurt,Goalkeeper,1.1531631721271136,1.166546830483521,0.013383658356407313
Cédric Zesiger,Wolfsburg,Defender,1.0620729787035168,1.1583718576734257,0.09629887896990885
Marvin Schwäbe,FC Köln,Goalkeeper,1.1332810484697493,1.1471632101055758,0.013882161635826451
Silvan Widmer,FSV Mainz 05,Defender,1.1531631721271134,1.1470597053308922,-0.006103466796221202
Tiago Barreiros de Melo Tomás,Wolfsburg,Forward,1.1500615903283815,1.1377886058230866,-0.012272984505294904
Sven Ulreich,Bayern Munich,Goalkeeper,0.9941061828682013,1.1344327477237617,0.1403265648555604
Christoph Zimmermann,Darmstadt 98,Defender,1.280083515849757,1.1342037013664596,-0.14587981448329734
Pavao Pervan,Wolfsburg,Goalkeeper,1.0736346774976573,1.133534483689116,0.05989980619145863
Philipp Förster,Bochum,Midfielder,1.183649095068405,1.1294346758325766,-0.05421441923582848
Jonas Omlin,Borussia Mönchengladbach,Goalkeeper,1.1929274194418416,1.122982600176796,-0.06994481926504559
Tim Breithaupt,Augsburg,Midfielder,1.4792300001078833,1.1215657606074863,-0.35766423950039705
Thomas Müller,Bayern Munich,Forward,1.1929274194418416,1.1194696304374574,-0.07345778900438416
Arthur Augusto de Matos Soares,Bayer Leverkusen,Defender,1.0939838155254942,1.1148276687091012,0.020843853183607042
Brenden Aaronson,Union Berlin,Forward,0.7369640502329599,1.1004512345478503,0.36348718431489047
Ritsu Doan,Freiburg,Defender,0.9981865653921888,1.0929065329839198,0.09471996759173107
Sebastiaan Bornauw,Wolfsburg,Defender,1.0736346774976573,1.0780667896579883,0.004432112160331014
Frederik Rønnow,Union Berlin,Goalkeeper,1.0736346774976573,1.0753777558787412,0.0017430783810838957
Roland Sallai,Freiburg,Forward,1.0544212837676092,1.069723990783466,0.015302707015856676
Vincenzo Grifo,Freiburg,Forward,1.1902764696208599,1.0685827504355103,-0.12169371918534955
Leart Paqarada,FC Köln,Defender,1.040497804735384,1.0682030360623636,0.027705231326979662
Vincenzo Grifo,Freiburg,Midfielder,1.3599372581636995,1.0643449240442333,-0.29559233411946617
Bernardo Fernandes da Silva Junior,Bochum,Defender,1.0417131519001992,1.062713528147197,0.02100037624699791
Kevin Sessa,FC Heidenheim,Midfielder,1.2538992653244245,1.0574930491523846,-0.1964062161720399
Norman Theuerkauf,FC Heidenheim,Midfielder,1.1611160215900589,1.0542419088428636,-0.10687411274719527
Matej Maglica,Darmstadt 98,Defender,1.080262052050112,1.0452269749161156,-0.03503507713399645
Felix Agu,Werder Bremen,Defender,1.02061568107802,1.0367112130668115,0.016095531988791434
Manuel Neuer,Bayern Munich,Goalkeeper,1.0338704301829293,1.0312595870791075,-0.0026108431038218693
Kevin Müller,FC Heidenheim,Goalkeeper,1.0338704301829293,1.0263390186499746,-0.007531411532954779
Koen Casteels,Wolfsburg,Goalkeeper,0.9941061828682013,1.0250173877299202,0.030911204861718944
Josuha Guilavogui,FSV Mainz 05,Defender,1.0868894266025666,1.0114791734034196,-0.07541025319914696
Hrvoje Smolčić,Eintracht Frankfurt,Defender,1.0073609319731105,1.0053126545636788,-0.002048277409431698
Kevin Kampl,RB Leipzig,Midfielder,1.084238476781585,1.0048975723073288,-0.07934090447425612
Andrej Kramarić,Hoffenheim,Midfielder,1.0131955193041922,0.9929352423276937,-0.02026027697649846
Adam Hložek,Bayer Leverkusen,Midfielder,1.1522102846086697,0.9843916536849874,-0.16781863092368232
Noussair Mazraoui,Bayern Munich,Midfielder,1.060379928392748,0.9843133910378267,-0.0760665373549213
Nathan Tella,Bayer Leverkusen,Forward,1.0616938525184052,0.9791181214013278,-0.08257573111707739
Jonas Hofmann,Bayer Leverkusen,Defender,0.7496256813919174,0.9788063484174266,0.2291806670255092
Nadiem Amiri,Bayer Leverkusen,Midfielder,0.9588901627083757,0.977428939404995,0.018538776696619297
Olivier Deman,Werder Bremen,Defender,0.9423592978186869,0.9584771883606965,0.016117890542009627
Lukas Daschner,Bochum,Forward,0.8111906452204523,0.9576761495017903,0.146485504281338
Philipp Mwene,FSV Mainz 05,Defender,0.868449067103302,0.9511404789528903,0.08269141184958828
Moritz Nicolas,Borussia Mönchengladbach,Goalkeeper,0.9145776882387452,0.9490676753587896,0.03448998712004436
Aymen Barkok,FSV Mainz 05,Defender,0.7318712878927601,0.9455381001401426,0.2136668122473825
Florent Muslija,Freiburg,Forward,0.9092757885967814,0.9396329436328134,0.03035715503603198
Christopher Trimmel,Union Berlin,Defender,0.9344598118961092,0.939251140250339,0.004791328354229796
Borja Iglesias Quintas,Bayer Leverkusen,Forward,0.9182045850659033,0.9283055012191723,0.010100916153269024
Yorbe Vertessen,Union Berlin,Forward,0.9467202997375858,0.9096208146008223,-0.03709948513676342
Ivan Ordets,Bochum,Defender,0.8880681900289265,0.9014205478837684,0.0133523578548419
Mikkel Kaufmann,Union Berlin,Forward,0.8907191398499084,0.8998140764383374,0.009094936588429081
Felix Kalu Nmecha,Borussia Dortmund,Midfielder,0.9768750090318191,0.8959693001990633,-0.08090570883275583
Leonidas Stergiou,VfB Stuttgart,Defender,0.815698012070114,0.8888545572387477,0.07315654516863368
Tomáš Koubek,Augsburg,Goalkeeper,0.8217944445043797,0.8868437892664407,0.06504934476206103
Philipp Lienhart,Freiburg,Defender,0.8416765681617437,0.8844977150920851,0.042821146930341336
Silas Katompa Mvumpa,VfB Stuttgart,Midfielder,0.9571122943340394,0.874938005661447,-0.08217428867259247
Noah Atubolu,Freiburg,Goalkeeper,0.8681860663715624,0.8743299232847874,0.006143856913225054
Lukáš Hrádecký,Bayer Leverkusen,Goalkeeper,0.8687885549672402,0.8726023002565673,0.0038137452893270973
Lovro Majer,Wolfsburg,Midfielder,1.2649118264375043,0.8725405932899863,-0.392371233147518
Rani Khedira,Union Berlin,Midfielder,1.3743906390018754,0.8699876257210947,-0.5044030132807807
Marcel Schuhen,Darmstadt 98,Goalkeeper,0.7687754480847423,0.8528286320677368,0.08405318398299455
Nathan Tella,Bayer Leverkusen,Defender,0.6176033074759524,0.85156537950011,0.23396207202415764
Mahmoud Dahoud,VfB Stuttgart,Midfielder,1.1067715502599307,0.8367034957146079,-0.2700680545453228
Arne Engels,Augsburg,Midfielder,0.8526870387357947,0.8264559408567742,-0.02623109787902045
Danilo Teodoro Soares,Bochum,Defender,0.6892469534552862,0.8234503013107176,0.13420334785543142
Tim Oermann,Bochum,Defender,0.7157564516651049,0.8089367692655468,0.09318031760044188
Erhan Mašović,Bochum,Defender,0.7886575717421063,0.8068889891939187,0.01823141745181245
Tom Krauß,FSV Mainz 05,Midfielder,0.862350842918562,0.8056609968302253,-0.056689846088336715
Josip Juranović,Union Berlin,Defender,0.9079503136862905,0.7939633060999095,-0.11398700758638103
Robin Zentner,FSV Mainz 05,Goalkeeper,0.7290112007700142,0.787937475667414,0.058926274897399766
Marco Reus,Borussia Dortmund,Midfielder,1.0908658513340397,0.7872399911069601,-0.3036258602270796
Robin Gosens,Union Berlin,Defender,0.6511091193401103,0.772033855945371,0.12092473660526071
Mathys Tel,Bayern Munich,Forward,0.7685938411884736,0.7635996539212156,-0.004994187267257977
Antonios Papadopoulos,Borussia Dortmund,Defender,0.7820301971896516,0.7584169310049215,-0.02361326618473014
Yussuf Yurary Poulsen,RB Leipzig,Midfielder,0.75436315071255,0.7377804991272341,-0.01658265158531591
Jens Petter Hauge,Eintracht Frankfurt,Forward,0.6494827061405581,0.7354989813000569,0.08601627515949872
Ludovic Ajorque,FSV Mainz 05,Forward,0.6865960036343043,0.7176546890866514,0.031058685452347135
Mathias Flaga Olesen,FC Köln,Midfielder,0.6839450538133225,0.7138243257914328,0.029879271978110356
Grant-Leon Ranos,Borussia Mönchengladbach,Midfielder,0.8236433064055984,0.7106159447919331,-0.11302736161366522
Aurélio Gabriel Ulineia Buta,Eintracht Frankfurt,Midfielder,0.857582267087635,0.7085087855938222,-0.14907348149381272
Elias Niklas Baum,Eintracht Frankfurt,Midfielder,0.8085396953994703,0.7063000278119677,-0.10223966758750269
Florian Pick,FC Heidenheim,Midfielder,0.6707027133803731,0.7050166294439718,0.03431391606359868
Tobias Kempe,Darmstadt 98,Midfielder,0.796610421205052,0.7021256217422359,-0.09448479946281607
Justin Gideon Njinmah,Werder Bremen,Midfielder,0.7730892772263902,0.7001086794771063,-0.0729805977492839
Thomas Poppler Isherwood,Darmstadt 98,Defender,0.7157564516651049,0.6956817151208371,-0.020074736544267835
Ansgar Knauff,Eintracht Frankfurt,Defender,0.40323900539651375,0.6928154710751425,0.28957646567862877
Matěj Kovář,Bayer Leverkusen,Goalkeeper,0.6759922043503769,0.6817674445949616,0.005775240244584756
Ihlas Bebou,Hoffenheim,Forward,0.5354918638383377,0.6727005852573643,0.13720872141902662
Noah Loosli,Bochum,Defender,0.569954211511102,0.6439454817595549,0.07399127024845287
Amin Sarr,Wolfsburg,Forward,0.6402043817671216,0.6380602424706172,-0.002144139296504366
Kevin Paredes,Wolfsburg,Midfielder,0.7268799547100789,0.627073607421154,-0.0998063472889249
Karim-David Adeyemi,Borussia Dortmund,Forward,0.572605161332084,0.6219795398483943,0.049374378516310324
Marnon Busch,FC Heidenheim,Defender,0.5964637097209208,0.614736058067349,0.018272348346428213
Anwar El Ghazi,FSV Mainz 05,Forward,0.5966843281273024,0.6143985821184661,0.017714253991163664
Michael Gregoritsch,Freiburg,Forward,0.5421511190447083,0.6060889686291037,0.06393784958439541
Kevin Behrens,Union Berlin,Forward,0.487774767060664,0.5987650845729839,0.11099031751231991
Patrik Schick,Bayer Leverkusen,Midfielder,0.5815335841876993,0.5865344323484044,0.005000848160705118
Max Finkgräfe,FC Köln,Forward,0.45998092342682695,0.5847701866588458,0.12478926323201889
Andreas Müller,Darmstadt 98,Midfielder,0.6799686290818496,0.5794520526272197,-0.10051657645462997
Felix Passlack,Bochum,Defender,0.49042571688164593,0.5671286260965368,0.07670290921489087
Emil Peter Forsberg,RB Leipzig,Midfielder,0.5805580107950294,0.5526376727324744,-0.027920338062555006
Noah Mbamba,Bayer Leverkusen,Forward,0.5743731785155776,0.5526093409142623,-0.021763837601315283
Dennis Geiger,Hoffenheim,Midfielder,0.6256241577517213,0.5390204571785318,-0.08660370057318956
Takuma Asano,Bochum,Forward,0.5394682885698106,0.5375485298103925,-0.0019197587594180776
Gustavo Adolfo Puerta Molano,Bayer Leverkusen,Midfielder,0.5360689432273328,0.5182359221570354,-0.017833021070297383
Tim Skarke,Darmstadt 98,Forward,0.5402982430355063,0.5124762025677048,-0.027822040467801568
Aster Vranckx,Wolfsburg,Midfielder,0.5262135394649011,0.5070070638057488,-0.019206475659152344
Jeremie Frimpong,Bayer Leverkusen,Midfielder,0.6853594265234141,0.49790086162343167,-0.18745856489998242
Yannik Keitel,Freiburg,Midfielder,0.503035110279096,0.48811660688769776,-0.014918503391398219
Marvin Pieringer,FC Heidenheim,Forward,0.3711329749374618,0.48563758202920304,0.11450460709174126
Benedict Hollerbach,Union Berlin,Forward,0.45861431902986355,0.4815291670941807,0.02291484806431715
Fabio Carvalho,RB Leipzig,Midfielder,0.49970404125508255,0.4809963124969049,-0.018707728758177666
Eljif Elmas,RB Leipzig,Midfielder,0.4572888441193726,0.4711368962531162,0.013848052133743627
Kevin Sessa,FC Heidenheim,Forward,0.40559532261022613,0.4662047808342489,0.06060945822402275
Steffen Tigges,FC Köln,Forward,0.4427086201039723,0.465632860463904,0.022924240359931736
Woo-Yeong Jeong,VfB Stuttgart,Forward,0.43608124555151756,0.4627808404493146,0.026699594897797052
Silas Katompa Mvumpa,VfB Stuttgart,Forward,0.36318012547451617,0.45533533269974424,0.09215520722522808
Ihlas Bebou,Hoffenheim,Defender,0.3181139785178244,0.4518488824009412,0.13373490388311676
Jean-Mattéo Bahoya Négoce,Eintracht Frankfurt,Midfielder,0.4533124193878998,0.44903853366384183,-0.0042738857240579575
Shio Fukuda,Borussia Mönchengladbach,Forward,0.4453595699249542,0.4455041453134833,0.00014457538852913343
Denis Thomalla,FC Heidenheim,Forward,0.408246272431208,0.444259425749246,0.036013153318038005
Sebastian Polter,Darmstadt 98,Forward,0.40559532261022613,0.44102579209482834,0.03543046948460221
Dawid Kownacki,Werder Bremen,Forward,0.4268029211780811,0.43971862703442777,0.01291570585634666
Ignacio Ferri Julià,Eintracht Frankfurt,Forward,0.4617847564004245,0.43403560477438013,-0.027749151626044355
Leonardo Bonucci,Union Berlin,Defender,0.41089722225218983,0.4329281122354624,0.022030889983272572
Christoph Baumgartner,RB Leipzig,Midfielder,0.5328409140173559,0.4326590896377697,-0.10018182437958617
Yussuf Yurary Poulsen,RB Leipzig,Forward,0.3287177778017519,0.4316962428508307,0.10297846504907882
Raphaël Adelino José Guerreiro,Bayern Munich,Defender,0.3313687276227337,0.4272790381568389,0.09591031053410515
Noah Weißhaupt,Freiburg,Midfielder,0.3658310752954981,0.4077947543809787,0.0419636790854806
Pep Biel Mas Jaume,Augsburg,Midfielder,0.5632218557404447,0.39804133615277826,-0.16518051958766644
Steffen Tigges,FC Köln,Midfielder,0.42150102153611735,0.3952286593636839,-0.02627236217243345
Marvin Pieringer,FC Heidenheim,Midfielder,0.4572888441193726,0.3937887081600223,-0.06350013595935028
Sven Michel,Augsburg,Forward,0.33401967744371563,0.3913955972768721,0.057375919833156486
Isak Hansen-Aarøen,Werder Bremen,Midfielder,0.4294538709990629,0.3895841827362934,-0.03986968826276949
Jakub Kamiński,Wolfsburg,Forward,0.32076492833880627,0.38605959701781495,0.06529466867900868
Marco Richter,FSV Mainz 05,Midfielder,0.35390180110107966,0.37590485843270716,0.022003057331627496
Marius Bülter,Hoffenheim,Forward,0.2810006810240782,0.3689488916169718,0.0879482105928936
Junior Chukwubuike Adamu,Freiburg,Midfielder,0.35390180110107966,0.36879989386411327,0.01489809276303361
Benno Schmitz,FC Köln,Defender,0.3446234767276431,0.3625906787595168,0.017967202031873686
Niklas Stark,Werder Bremen,Defender,0.30485922941291504,0.3370407563551589,0.032181526942243854
Bambasé Conté,Hoffenheim,Midfielder,0.3592037007430434,0.33250200867120383,-0.02670169207183959
Fabian Nürnberger,Darmstadt 98,Defender,0.3446234767276431,0.29334085244074914,-0.05128262428689395
Christoph Klarer,Darmstadt 98,Forward,0.3446234767276431,0.2923199570396069,-0.052303519688036204
Mahmut Kücüksahin,Augsburg,Midfielder,0.25846760754573234,0.28108683689326025,0.022619229347527914
Stefan Lainer,Borussia Mönchengladbach,Defender,0.265094982098187,0.27474540198629394,0.009650419888106943
Nadiem Amiri,Bayer Leverkusen,Forward,0.2226797849624771,0.2721627136529236,0.049482928690446515
Yvandro Borges Sanches,Borussia Mönchengladbach,Forward,0.21472693549953145,0.25029605472255556,0.03556911922302411
Jan Thielmann,FC Köln,Forward,0.25449118281425953,0.24752889575413742,-0.006962287060122113
Julien Duranville,Borussia Dortmund,Forward,0.243887383530332,0.24008344435470094,-0.0038039391756310714
Christoph Kramer,Borussia Mönchengladbach,Midfielder,0.5606758871376655,0.22150781261000246,-0.339168074527663
Adam Hložek,Bayer Leverkusen,Forward,0.220442171117085,0.21506927434104658,-0.005372896776038416
Jean-Eric Maxim Choupo-Moting,Bayern Munich,Forward,0.23593453406738646,0.21342653758819352,-0.022507996479192938
Filip Stojilković,Darmstadt 98,Defender,0.0795284946294561,0.19254887524890488,0.11302038061944877
Salih Özcan,Borussia Dortmund,Midfielder,0.20677408603658587,0.1889331937413777,-0.01784089229520816
Jessic Ngankam,Eintracht Frankfurt,Forward,0.17231173836382155,0.1821420315595616,0.009830293195740053
Jessic Ngankam,FSV Mainz 05,Midfielder,0.3236083861063441,0.17218637026520997,-0.15142201584113416
Dion Drena Beljo,Augsburg,Forward,0.15640603943793036,0.1566772918352573,0.0002712523973269487
Noah Mbamba,Bayer Leverkusen,Midfielder,0.18821743728971277,0.14512624794965243,-0.04309118934006034
Anthony Rouault,VfB Stuttgart,Defender,0.09941061828682013,0.14324407357675514,0.043833455289935014
Thomas Meunier,Borussia Dortmund,Defender,0.14580224015400284,0.14313803558391613,-0.0026642045700867034
Matthijs de Ligt,Bayern Munich,Midfielder,0.1471277150644938,0.14121609696370427,-0.005911618100789523
Maximilian Philipp,Freiburg,Forward,0.11664179212320229,0.1382124637923855,0.02157067166918321
Kevin Behrens,Wolfsburg,Forward,0.07422659498749236,0.1257397448846658,0.05151314989717344
Lukas Ullrich,Borussia Mönchengladbach,Defender,0.14580224015400284,0.12234133423831324,-0.023460905915689598
Mërgim Berisha,Hoffenheim,Forward,0.09278324373436544,0.10610946146029523,0.01332621772592979
Patrick Wimmer,Wolfsburg,Midfielder,0.0795284946294561,0.08566544346502919,0.006136948835573086
Pascal Stenzel,VfB Stuttgart,Defender,0.06627374552454675,0.08008519409186234,0.013811448567315587
Justin Diehl,FC Köln,Midfielder,0.03976424731472805,0.06191293306903158,0.02214868575430353
Tim Oermann,Bochum,Midfielder,0.11531631721271134,0.05256833495007052,-0.06274798226264082
Robert Gumny,Augsburg,Defender,0.0265094982098187,0.03818693217124381,0.01167743396142511
Luca Jannis Kilian,FC Köln,Defender,0.0,0.029637618998577312,0.029637618998577312
